[
  {
    "id": "6275db41-2837-46f8-90b8-dc37eb2dc994",
    "data": [
      {
        "text": "Mera loan",
        "userDefined": false
      }
    ],
    "isTemplate": false,
    "count": 0,
    "lang": "en",
    "updated": 0
  },
  {
    "id": "e66cc288-f634-4cb7-80ba-8d05e62b8994",
    "data": [
      {
        "text": "Get my loan",
        "userDefined": false
      }
    ],
    "isTemplate": false,
    "count": 0,
    "lang": "en",
    "updated": 0
  },
  {
    "id": "c59295be-f3d4-48c3-908f-a18422175311",
    "data": [
      {
        "text": "Fetch current loan",
        "userDefined": false
      }
    ],
    "isTemplate": false,
    "count": 0,
    "lang": "en",
    "updated": 0
  },
  {
    "id": "0b5fe0c9-ef58-4030-a1d6-b9419f1850e1",
    "data": [
      {
        "text": "Mera current loan batao",
        "userDefined": false
      }
    ],
    "isTemplate": false,
    "count": 0,
    "lang": "en",
    "updated": 0
  },
  {
    "id": "b96b97ad-9d7f-49e1-aa62-63a987d32afa",
    "data": [
      {
        "text": "Get my current loan",
        "userDefined": false
      }
    ],
    "isTemplate": false,
    "count": 0,
    "lang": "en",
    "updated": 0
  }
]