[
  {
    "id": "5144f1a7-b9ff-4835-88e0-2c9ca5b447c4",
    "data": [
      {
        "text": "Dusre Loan batao",
        "userDefined": false
      }
    ],
    "isTemplate": false,
    "count": 0,
    "lang": "en",
    "updated": 0
  },
  {
    "id": "b113d043-52b7-4fb3-9025-5117de016f5b",
    "data": [
      {
        "text": "Show me various loans",
        "userDefined": false
      }
    ],
    "isTemplate": false,
    "count": 0,
    "lang": "en",
    "updated": 0
  },
  {
    "id": "3093a9f8-6e10-42b9-9d19-e66af6b3aec0",
    "data": [
      {
        "text": "Fetch Loans",
        "userDefined": false
      }
    ],
    "isTemplate": false,
    "count": 0,
    "lang": "en",
    "updated": 0
  },
  {
    "id": "ecb4ef34-fac0-4e82-a906-48abe51675ac",
    "data": [
      {
        "text": "Get Loan services",
        "userDefined": false
      }
    ],
    "isTemplate": false,
    "count": 0,
    "lang": "en",
    "updated": 0
  }
]