[
  {
    "id": "3e070ba6-54f9-4882-8297-e4647a2bdfad",
    "data": [
      {
        "text": "Mein ",
        "userDefined": false
      },
      {
        "text": "Aditya",
        "meta": "@sys.person",
        "alias": "Name",
        "userDefined": false
      },
      {
        "text": " hu",
        "userDefined": false
      }
    ],
    "isTemplate": false,
    "count": 0,
    "lang": "en",
    "updated": 0
  },
  {
    "id": "8c1b8bd8-6641-4d6a-9437-f36aff0b5aba",
    "data": [
      {
        "text": "Mera naam ",
        "userDefined": false
      },
      {
        "text": "Ajinkya",
        "meta": "@sys.person",
        "alias": "Name",
        "userDefined": false
      },
      {
        "text": " hai",
        "userDefined": false
      }
    ],
    "isTemplate": false,
    "count": 0,
    "lang": "en",
    "updated": 0
  },
  {
    "id": "50f821e8-f5e9-42de-8313-729c68bffe2d",
    "data": [
      {
        "text": "Hi myself Muzare",
        "userDefined": false
      }
    ],
    "isTemplate": false,
    "count": 0,
    "lang": "en",
    "updated": 0
  },
  {
    "id": "2532d6ff-acd0-44de-bf3f-480242604096",
    "data": [
      {
        "text": "Im ",
        "userDefined": false
      },
      {
        "text": "Chirayu Mehta",
        "meta": "@sys.person",
        "alias": "Name",
        "userDefined": false
      }
    ],
    "isTemplate": false,
    "count": 0,
    "lang": "en",
    "updated": 0
  },
  {
    "id": "8759ef7d-ba17-4981-9f36-393671ebcc57",
    "data": [
      {
        "text": "Hello Im ",
        "userDefined": false
      },
      {
        "text": "Lavish Garg",
        "meta": "@sys.person",
        "alias": "Name",
        "userDefined": false
      }
    ],
    "isTemplate": false,
    "count": 0,
    "lang": "en",
    "updated": 0
  },
  {
    "id": "a1508d8b-fc7b-4870-a423-66bb68da018d",
    "data": [
      {
        "text": "Myself ",
        "userDefined": false
      },
      {
        "text": "Abhishek",
        "meta": "@sys.person",
        "alias": "Name",
        "userDefined": false
      }
    ],
    "isTemplate": false,
    "count": 0,
    "lang": "en",
    "updated": 0
  },
  {
    "id": "2a0e1c33-ff62-4315-945d-ba01acbf5a65",
    "data": [
      {
        "text": "Malay",
        "userDefined": false
      }
    ],
    "isTemplate": false,
    "count": 0,
    "lang": "en",
    "updated": 0
  },
  {
    "id": "98a7e6c2-55d0-4b01-ad31-43917712be07",
    "data": [
      {
        "text": "Name is ",
        "userDefined": false
      },
      {
        "text": "Aditya",
        "meta": "@sys.person",
        "alias": "Name",
        "userDefined": false
      }
    ],
    "isTemplate": false,
    "count": 0,
    "lang": "en",
    "updated": 0
  },
  {
    "id": "4617bb56-f3e8-4d4f-887e-0d6c66a6368f",
    "data": [
      {
        "text": "My name is ",
        "userDefined": false
      },
      {
        "text": "Ajinkya",
        "meta": "@sys.person",
        "alias": "Name",
        "userDefined": false
      }
    ],
    "isTemplate": false,
    "count": 0,
    "lang": "en",
    "updated": 0
  }
]