[
  {
    "id": "04032cd5-2f6e-4553-94ce-857f94d7cf6c",
    "data": [
      {
        "text": "Product kitna available hai?",
        "userDefined": false
      }
    ],
    "isTemplate": false,
    "count": 0,
    "lang": "en",
    "updated": 0
  },
  {
    "id": "725f91a0-06fa-45f4-b87e-88798d069e27",
    "data": [
      {
        "text": "Product stock mein hai?",
        "userDefined": false
      }
    ],
    "isTemplate": false,
    "count": 0,
    "lang": "en",
    "updated": 0
  },
  {
    "id": "ab38c3c4-b0c0-46b9-847d-5e2c442817d4",
    "data": [
      {
        "text": "Yeh product hai kya?",
        "userDefined": false
      }
    ],
    "isTemplate": false,
    "count": 0,
    "lang": "en",
    "updated": 0
  },
  {
    "id": "0ca2e95e-ed35-4eb7-a982-34434e959441",
    "data": [
      {
        "text": "How much quantity of this product is available?",
        "userDefined": false
      }
    ],
    "isTemplate": false,
    "count": 0,
    "lang": "en",
    "updated": 0
  },
  {
    "id": "5d0b73b2-2ed4-46ed-94b6-fc5182fef5f0",
    "data": [
      {
        "text": "What is the stock of this product?",
        "userDefined": false
      }
    ],
    "isTemplate": false,
    "count": 0,
    "lang": "en",
    "updated": 0
  },
  {
    "id": "265e711c-cf07-4d3f-978b-9f1a4dac3d3f",
    "data": [
      {
        "text": "Is this product available?",
        "userDefined": false
      }
    ],
    "isTemplate": false,
    "count": 0,
    "lang": "en",
    "updated": 0
  },
  {
    "id": "9980e214-1617-4a28-850b-34d51c893b07",
    "data": [
      {
        "text": "Do we have product?",
        "userDefined": false
      }
    ],
    "isTemplate": false,
    "count": 0,
    "lang": "en",
    "updated": 0
  }
]