[
  {
    "id": "460b5d0e-3cb4-48cd-84c2-1f10eafc9f26",
    "data": [
      {
        "text": "Yeh product ke baare mein batao?",
        "userDefined": false
      }
    ],
    "isTemplate": false,
    "count": 0,
    "lang": "en",
    "updated": 0
  },
  {
    "id": "25fa8cb6-31dd-4c43-8646-dfe26a1ae586",
    "data": [
      {
        "text": "Yeh product kya hai?",
        "userDefined": false
      }
    ],
    "isTemplate": false,
    "count": 0,
    "lang": "en",
    "updated": 0
  },
  {
    "id": "1ca77af9-31f8-423d-8e83-5d0b4842e824",
    "data": [
      {
        "text": "Available Information regarding product",
        "userDefined": false
      }
    ],
    "isTemplate": false,
    "count": 0,
    "lang": "en",
    "updated": 0
  },
  {
    "id": "9421f169-6c86-4635-b4d5-cfd4ad3d5b6c",
    "data": [
      {
        "text": "Describe product",
        "userDefined": false
      }
    ],
    "isTemplate": false,
    "count": 0,
    "lang": "en",
    "updated": 0
  },
  {
    "id": "0557ed89-bc98-462b-85d4-06bca18e3c07",
    "data": [
      {
        "text": "What do you know about this product?",
        "userDefined": false
      }
    ],
    "isTemplate": false,
    "count": 0,
    "lang": "en",
    "updated": 0
  },
  {
    "id": "33bd5e2a-d047-4191-b321-d5dc8edb498b",
    "data": [
      {
        "text": "Tell me about product?",
        "userDefined": false
      }
    ],
    "isTemplate": false,
    "count": 0,
    "lang": "en",
    "updated": 0
  }
]